{
  "lr_g": 0.00020241881847785233,
  "lr_d": 0.0002480261858955646,
  "weight_decay": 7.688471252860065e-07,
  "lambda_cycle": 7.464208856550643,
  "lambda_id": 0.3167870020687229,
  "disc_steps": 2,
  "label_smoothing": 0.15835885776390546
}