{
  "lr_g": 0.0001140747895696814,
  "lr_d": 6.888227696993364e-05,
  "weight_decay": 0.009275684865259782,
  "lambda_cycle": 6.956207141147537,
  "lambda_id": 0.5939045099240843,
  "disc_steps": 3,
  "label_smoothing": 0.08033074329738242
}